Side,Kills,Gold/sec,Towers,Dragons,Vs,Kills/15 minute,Gold/sec/15 minute,Towers/15 minute,Dragons/15 minute,Duration,Patch,Team,Result
,17,81.6,4,2,TES,23,85.8,9,4,41:48,16.16,AL,0
,15,57.6,8,3,TES,7,46.8,1,0,27:19,16.16,AL,1
,9,52.7,2,1,TES,13,61.5,8,2,30:48,16.16,AL,0
,18,61.3,9,3,TT,2,44.9,0,1,28:14,16.15,AL,1
,24,75.9,9,3,TT,15,62.7,0,1,34:17,16.15,AL,1
,8,58.6,3,1,TT,24,67.0,7,4,33:09,16.15,AL,0
,15,59.4,9,4,JDG,8,53.4,2,0,28:41,16.15,AL,1
,24,67.4,10,4,JDG,7,53.2,1,0,31:10,16.15,AL,1
,16,68.5,2,3,JDG,23,77.7,10,3,37:11,16.15,AL,0
,28,99.1,10,3,EDG,17,89.7,10,4,47:30,16.15,AL,1
,18,58.6,9,3,EDG,0,41.0,0,0,26:33,16.15,AL,1
,12,78.8,5,0,EDG,16,84.0,9,4,42:24,16.15,AL,0
,22,71.0,10,3,LGD,10,58.5,0,2,33:00,16.15,AL,1
,18,78.4,10,3,LGD,9,71.1,4,3,39:32,16.15,AL,1
,26,64.5,6,3,WE,16,62.7,6,2,30:57,16.15,AL,0
,23,72.7,4,2,WE,20,75.8,7,2,36:47,16.15,AL,0
,20,51.5,8,1,TT,8,43.9,2,1,24:09,16.14,AL,1
,15,48.7,9,3,TT,3,37.0,1,0,21:55,16.14,AL,1
,27,61.7,9,2,EDG,11,54.2,1,2,27:43,16.14,AL,1
,22,58.0,9,2,EDG,6,45.1,2,1,25:05,16.14,AL,1
,29,70.5,10,2,TES,13,60.8,2,3,31:23,16.14,AL,1
,13,70.2,9,3,TES,4,61.0,1,2,35:31,16.14,AL,1
,10,58.1,1,0,BLG,18,67.5,9,4,33:24,16.14,AL,0
,17,67.5,9,3,BLG,7,59.9,2,1,34:10,16.14,AL,1
,14,70.0,3,1,BLG,14,73.3,9,3,38:06,16.14,AL,0
,21,64.9,8,2,LGD,2,54.3,3,3,31:14,16.14,AL,1
,14,59.7,7,3,LGD,10,55.6,0,2,29:51,16.14,AL,1
,25,108.4,9,4,JDG,14,104.9,9,1,56:24,16.14,AL,1
,20,71.0,7,3,JDG,7,67.0,3,2,36:09,16.14,AL,1
,7,52.9,3,3,JDG,10,59.8,8,2,29:45,16.14,AL,0
,18,61.6,9,2,LGD,2,48.7,1,2,28:33,16.16,BLG,1
,17,66.1,9,4,LGD,16,54.4,2,0,32:03,16.16,BLG,1
,7,61.7,3,3,LGD,14,64.7,7,2,34:14,16.16,BLG,0
,25,65.7,10,3,WE,7,54.6,5,1,29:52,16.15,BLG,1
,20,75.7,10,4,WE,7,65.0,3,2,37:29,16.15,BLG,1
,26,59.1,11,2,TT,6,41.7,0,1,25:07,16.15,BLG,1
,25,63.0,11,4,TT,5,49.2,2,0,29:30,16.15,BLG,1
,15,68.3,3,2,JDG,27,77.9,10,3,35:09,16.15,BLG,0
,7,45.9,1,0,JDG,15,55.4,7,3,26:26,16.15,BLG,0
,28,65.7,8,4,JDG,20,60.6,2,1,30:52,16.15,BLG,1
,27,76.1,11,3,EDG,16,67.3,2,2,33:36,16.15,BLG,1
,26,72.9,9,4,EDG,14,59.5,0,1,32:33,16.15,BLG,1
,5,42.1,0,2,TES,26,56.4,9,1,24:35,16.15,BLG,0
,31,81.3,6,3,TES,34,85.7,9,3,40:45,16.15,BLG,0
,17,66.2,10,2,JDG,6,54.5,0,2,31:16,16.14,BLG,1
,20,68.2,9,3,JDG,10,58.5,4,2,33:50,16.14,BLG,1
,26,66.1,10,2,WE,15,53.9,3,1,28:33,16.14,BLG,1
,20,67.3,11,2,WE,9,54.5,0,1,30:46,16.14,BLG,1
,17,64.2,10,4,LGD,9,51.0,1,0,31:23,16.14,BLG,1
,9,52.2,3,1,LGD,17,60.7,8,3,29:23,16.14,BLG,0
,25,78.4,12,4,LGD,16,70.4,3,2,37:29,16.14,BLG,1
,18,67.5,9,4,AL,10,58.1,1,0,33:24,16.14,BLG,1
,7,59.9,2,1,AL,17,67.5,9,3,34:10,16.14,BLG,0
,14,73.3,9,3,AL,14,70.0,3,1,38:06,16.14,BLG,1
,21,67.5,9,3,EDG,10,55.9,0,1,32:15,16.14,BLG,1
,28,77.3,10,3,EDG,20,66.0,2,2,34:33,16.14,BLG,1
,15,70.2,5,3,EDG,17,72.1,8,3,37:22,16.14,BLG,0
,27,65.8,8,4,TT,13,56.8,1,0,29:41,16.14,BLG,1
,11,51.1,2,1,TT,23,60.9,7,3,28:34,16.14,BLG,0
,31,68.9,11,4,TT,11,54.8,2,1,30:26,16.14,BLG,1
,12,63.9,7,1,WE,10,57.8,5,3,31:17,16.16,EDG,1
,23,63.4,10,3,WE,4,51.2,4,1,28:56,16.16,EDG,1
,14,65.8,3,0,TES,23,73.3,9,4,34:49,16.15,EDG,0
,12,49.5,3,1,TES,20,57.7,8,3,26:41,16.15,EDG,0
,2,40.3,2,1,LGD,23,55.3,10,2,24:50,16.15,EDG,0
,3,52.0,3,2,LGD,25,66.4,9,3,30:55,16.15,EDG,0
,17,89.7,10,4,AL,28,99.1,10,3,47:30,16.15,EDG,0
,0,41.0,0,0,AL,18,58.6,9,3,26:33,16.15,EDG,0
,16,84.0,9,4,AL,12,78.8,5,0,42:24,16.15,EDG,1
,16,67.3,2,2,BLG,27,76.1,11,3,33:36,16.15,EDG,0
,14,59.5,0,1,BLG,26,72.9,9,4,32:33,16.15,EDG,0
,9,54.5,3,1,JDG,17,64.7,9,3,29:32,16.15,EDG,0
,7,53.7,3,1,JDG,20,67.9,9,4,30:45,16.15,EDG,0
,9,69.1,3,3,TES,21,77.6,10,3,39:36,16.15,EDG,0
,7,53.9,2,0,TES,23,66.9,9,4,29:51,16.15,EDG,0
,11,54.2,1,2,AL,27,61.7,9,2,27:43,16.14,EDG,0
,6,45.1,2,1,AL,22,58.0,9,2,25:05,16.14,EDG,0
,19,74.9,3,1,WE,32,86.0,10,4,37:51,16.14,EDG,0
,9,56.0,2,1,WE,24,67.2,10,4,30:49,16.14,EDG,0
,8,62.8,3,3,TT,11,71.6,8,2,36:27,16.14,EDG,0
,6,49.8,2,1,TT,22,63.8,9,4,28:52,16.14,EDG,0
,10,55.9,0,1,BLG,21,67.5,9,3,32:15,16.14,EDG,0
,20,66.0,2,2,BLG,28,77.3,10,3,34:33,16.14,EDG,0
,17,72.1,8,3,BLG,15,70.2,5,3,37:22,16.14,EDG,1
,11,70.5,4,4,LGD,20,78.4,9,1,37:36,16.13,EDG,0
,11,72.8,3,2,LGD,21,83.7,9,4,41:49,16.13,EDG,0
,21,78.7,11,3,WBG,12,68.7,4,2,39:15,16.15,IG,1
,14,60.5,3,2,WBG,21,65.6,6,2,32:54,16.15,IG,0
,24,73.6,10,4,WBG,17,63.3,1,1,35:48,16.15,IG,1
,22,64.8,7,4,LNG,11,54.3,2,0,31:18,16.15,IG,1
,26,76.1,11,4,LNG,13,63.7,1,2,35:02,16.15,IG,1
,21,87.2,7,3,NIP,16,87.3,9,4,46:52,16.15,IG,0
,12,54.6,5,1,NIP,27,65.3,9,3,31:08,16.15,IG,0
,22,70.5,9,4,NIP,16,64.2,4,1,34:30,16.15,IG,1
,20,56.9,9,4,LNG,8,41.7,0,0,25:02,16.14,IG,1
,21,64.9,8,3,LNG,11,52.9,0,1,29:21,16.14,IG,1
,14,52.3,10,2,WBG,5,41.2,1,1,24:20,16.14,IG,1
,20,59.9,7,3,WBG,9,52.0,2,0,29:05,16.14,IG,1
,7,56.5,2,2,WBG,26,71.0,10,3,32:22,16.14,IG,0
,26,65.5,8,2,TT,8,50.3,0,2,28:58,16.16,JDG,1
,15,57.6,8,4,TT,3,48.4,2,1,28:18,16.16,JDG,1
,7,50.0,0,2,TT,20,61.5,10,2,28:18,16.16,JDG,0
,7,53.5,3,2,LGD,12,61.3,8,3,29:59,16.15,JDG,0
,6,43.8,3,1,LGD,25,53.3,9,2,24:14,16.15,JDG,0
,14,72.7,9,2,LGD,13,64.0,2,2,35:21,16.15,JDG,1
,8,53.4,2,0,AL,15,59.4,9,4,28:41,16.15,JDG,0
,7,53.2,1,0,AL,24,67.4,10,4,31:10,16.15,JDG,0
,23,77.7,10,3,AL,16,68.5,2,3,37:11,16.15,JDG,1
,27,77.9,10,3,BLG,15,68.3,3,2,35:09,16.15,JDG,1
,15,55.4,7,3,BLG,7,45.9,1,0,26:26,16.15,JDG,1
,20,60.6,2,1,BLG,28,65.7,8,4,30:52,16.15,JDG,0
,19,57.9,10,2,WE,5,42.2,1,1,25:13,16.15,JDG,1
,20,71.0,7,3,WE,11,61.4,4,2,33:15,16.15,JDG,1
,17,64.7,9,3,EDG,9,54.5,3,1,29:32,16.15,JDG,1
,20,67.9,9,4,EDG,7,53.7,3,1,30:45,16.15,JDG,1
,19,64.9,8,4,LGD,14,56.6,1,1,31:20,16.15,JDG,1
,7,50.1,3,1,LGD,14,61.0,8,3,28:45,16.15,JDG,0
,15,65.9,6,3,LGD,12,63.5,6,2,33:02,16.15,JDG,1
,15,61.4,3,1,TES,13,62.9,10,4,33:17,16.14,JDG,0
,8,58.8,2,0,TES,27,69.4,9,4,32:49,16.14,JDG,0
,6,54.5,0,2,BLG,17,66.2,10,2,31:16,16.14,JDG,0
,10,58.5,4,2,BLG,20,68.2,9,3,33:50,16.14,JDG,0
,23,69.5,10,4,TT,5,57.2,0,0,32:41,16.14,JDG,1
,17,57.4,8,3,TT,7,48.3,1,0,27:24,16.14,JDG,1
,13,60.4,4,2,TT,23,71.4,9,3,33:01,16.14,JDG,0
,7,56.1,2,0,WE,15,60.7,8,4,30:24,16.14,JDG,0
,20,64.9,9,2,WE,9,53.3,0,2,30:02,16.14,JDG,1
,13,62.2,4,2,WE,22,67.1,9,2,32:00,16.14,JDG,0
,14,104.9,9,1,AL,25,108.4,9,4,56:24,16.14,JDG,0
,7,67.0,3,2,AL,20,71.0,7,3,36:09,16.14,JDG,0
,10,59.8,8,2,AL,7,52.9,3,3,29:45,16.14,JDG,1
,2,48.7,1,2,BLG,18,61.6,9,2,28:33,16.16,LGD,0
,16,54.4,2,0,BLG,17,66.1,9,4,32:03,16.16,LGD,0
,14,64.7,7,2,BLG,7,61.7,3,3,34:14,16.16,LGD,1
,12,61.3,8,3,JDG,7,53.5,3,2,29:59,16.15,LGD,1
,25,53.3,9,2,JDG,6,43.8,3,1,24:14,16.15,LGD,1
,13,64.0,2,2,JDG,14,72.7,9,2,35:21,16.15,LGD,0
,23,55.3,10,2,EDG,2,40.3,2,1,24:50,16.15,LGD,1
,25,66.4,9,3,EDG,3,52.0,3,2,30:55,16.15,LGD,1
,18,57.5,7,2,TES,6,48.8,3,1,28:06,16.15,LGD,1
,25,64.9,7,3,TES,10,57.5,3,1,33:11,16.15,LGD,1
,10,58.5,0,2,AL,22,71.0,10,3,33:00,16.15,LGD,0
,9,71.1,4,3,AL,18,78.4,10,3,39:32,16.15,LGD,0
,14,59.2,2,3,TT,22,65.3,8,2,32:12,16.15,LGD,0
,14,55.5,3,0,TT,23,68.6,9,4,30:49,16.15,LGD,0
,22,72.4,9,4,TT,8,62.5,3,0,34:55,16.15,LGD,1
,14,56.6,1,1,JDG,19,64.9,8,4,31:20,16.15,LGD,0
,14,61.0,8,3,JDG,7,50.1,3,1,28:45,16.15,LGD,1
,12,63.5,6,2,JDG,15,65.9,6,3,33:02,16.15,LGD,0
,10,56.0,1,1,TES,20,67.5,11,3,31:59,16.14,LGD,0
,8,44.3,2,0,TES,9,53.0,10,4,26:26,16.14,LGD,0
,12,53.8,7,2,TES,4,44.6,2,2,26:16,16.14,LGD,1
,9,51.0,1,0,BLG,17,64.2,10,4,31:23,16.14,LGD,0
,17,60.7,8,3,BLG,9,52.2,3,1,29:23,16.14,LGD,1
,16,70.4,3,2,BLG,25,78.4,12,4,37:29,16.14,LGD,0
,11,61.3,3,2,WE,27,70.2,9,3,33:38,16.14,LGD,0
,3,48.3,2,0,WE,12,58.5,8,4,28:10,16.14,LGD,0
,2,54.3,3,3,AL,21,64.9,8,2,31:14,16.14,LGD,0
,10,55.6,0,2,AL,14,59.7,7,3,29:51,16.14,LGD,0
,20,78.4,9,1,EDG,11,70.5,4,4,37:36,16.13,LGD,1
,21,83.7,9,4,EDG,11,72.8,3,2,41:49,16.13,LGD,1
,14,70.1,4,2,WBG,21,77.1,8,4,37:10,16.16,LNG,0
,18,65.3,7,3,WBG,3,54.1,1,1,31:13,16.16,LNG,1
,11,57.3,4,1,WBG,12,63.6,9,3,31:14,16.16,LNG,0
,2,38.7,0,0,NIP,14,51.5,8,3,24:13,16.15,LNG,0
,20,63.5,7,2,NIP,13,56.7,5,2,30:29,16.15,LNG,1
,11,56.1,3,0,NIP,18,61.6,9,4,30:42,16.15,LNG,0
,11,54.3,2,0,IG,22,64.8,7,4,31:18,16.15,LNG,0
,13,63.7,1,2,IG,26,76.1,11,4,35:02,16.15,LNG,0
,9,56.8,3,1,WBG,24,67.8,7,3,32:23,16.15,LNG,0
,12,52.6,1,1,WBG,19,63.8,9,4,31:00,16.15,LNG,0
,8,41.7,0,0,IG,20,56.9,9,4,25:02,16.14,LNG,0
,11,52.9,0,1,IG,21,64.9,8,3,29:21,16.14,LNG,0
,7,49.0,0,2,NIP,16,60.3,10,2,28:09,16.14,LNG,0
,2,46.2,2,0,NIP,14,57.3,11,4,26:36,16.14,LNG,0
,14,51.5,8,3,LNG,2,38.7,0,0,24:13,16.15,NIP,1
,13,56.7,5,2,LNG,20,63.5,7,2,30:29,16.15,NIP,0
,18,61.6,9,4,LNG,11,56.1,3,0,30:42,16.15,NIP,1
,16,67.5,10,2,WBG,4,51.2,1,2,32:47,16.15,NIP,1
,6,54.3,3,3,WBG,16,63.7,10,1,30:39,16.15,NIP,0
,22,75.5,10,4,WBG,10,64.1,4,2,35:48,16.15,NIP,1
,16,87.3,9,4,IG,21,87.2,7,3,46:52,16.15,NIP,1
,27,65.3,9,3,IG,12,54.6,5,1,31:08,16.15,NIP,1
,16,64.2,4,1,IG,22,70.5,9,4,34:30,16.15,NIP,0
,17,61.9,10,4,WBG,7,50.9,2,1,29:47,16.14,NIP,1
,13,58.5,9,4,WBG,6,51.1,3,0,29:48,16.14,NIP,1
,16,60.3,10,2,LNG,7,49.0,0,2,28:09,16.14,NIP,1
,14,57.3,11,4,LNG,2,46.2,2,0,26:36,16.14,NIP,1
,10,57.8,5,3,EDG,12,63.9,7,1,31:17,16.16,WE,0
,4,51.2,4,1,EDG,23,63.4,10,3,28:56,16.16,WE,0
,7,54.6,5,1,BLG,25,65.7,10,3,29:52,16.15,WE,0
,7,65.0,3,2,BLG,20,75.7,10,4,37:29,16.15,WE,0
,23,56.4,10,1,TES,6,42.8,2,1,24:56,16.15,WE,1
,31,82.5,8,1,TES,20,73.5,7,4,39:14,16.15,WE,1
,5,42.2,1,1,JDG,19,57.9,10,2,25:13,16.15,WE,0
,11,61.4,4,2,JDG,20,71.0,7,3,33:15,16.15,WE,0
,4,60.5,3,1,TT,25,71.4,7,4,34:34,16.15,WE,0
,21,63.9,8,3,TT,14,53.9,1,1,30:59,16.15,WE,1
,7,47.8,1,1,TT,31,63.4,10,3,27:06,16.15,WE,0
,16,62.7,6,2,AL,26,64.5,6,3,30:57,16.15,WE,1
,20,75.8,7,2,AL,23,72.7,4,2,36:47,16.15,WE,1
,22,69.7,10,4,TT,9,57.6,1,0,33:00,16.14,WE,1
,27,65.5,8,3,TT,13,51.1,0,1,28:31,16.14,WE,1
,12,50.3,2,0,TT,28,63.1,8,4,28:46,16.14,WE,0
,15,53.9,3,1,BLG,26,66.1,10,2,28:33,16.14,WE,0
,9,54.5,0,1,BLG,20,67.3,11,2,30:46,16.14,WE,0
,32,86.0,10,4,EDG,19,74.9,3,1,37:51,16.14,WE,1
,24,67.2,10,4,EDG,9,56.0,2,1,30:49,16.14,WE,1
,27,70.2,9,3,LGD,11,61.3,3,2,33:38,16.14,WE,1
,12,58.5,8,4,LGD,3,48.3,2,0,28:10,16.14,WE,1
,15,60.7,8,4,JDG,7,56.1,2,0,30:24,16.14,WE,1
,9,53.3,0,2,JDG,20,64.9,9,2,30:02,16.14,WE,0
,22,67.1,9,2,JDG,13,62.2,4,2,32:00,16.14,WE,1
,15,52.5,2,1,TES,42,67.4,9,3,29:09,16.13,WE,0
,11,57.6,3,1,TES,17,63.7,10,3,31:17,16.13,WE,0
,8,50.3,0,2,JDG,26,65.5,8,2,28:58,16.16,TT,0
,3,48.4,2,1,JDG,15,57.6,8,4,28:18,16.16,TT,0
,20,61.5,10,2,JDG,7,50.0,0,2,28:18,16.16,TT,1
,2,44.9,0,1,AL,18,61.3,9,3,28:14,16.15,TT,0
,15,62.7,0,1,AL,24,75.9,9,3,34:17,16.15,TT,0
,24,67.0,7,4,AL,8,58.6,3,1,33:09,16.15,TT,1
,6,41.7,0,1,BLG,26,59.1,11,2,25:07,16.15,TT,0
,5,49.2,2,0,BLG,25,63.0,11,4,29:30,16.15,TT,0
,7,45.5,1,0,TES,23,57.8,9,3,26:07,16.15,TT,0
,7,56.8,3,1,TES,19,66.9,9,4,32:39,16.15,TT,0
,25,71.4,7,4,WE,4,60.5,3,1,34:34,16.15,TT,1
,14,53.9,1,1,WE,21,63.9,8,3,30:59,16.15,TT,0
,31,63.4,10,3,WE,7,47.8,1,1,27:06,16.15,TT,1
,22,65.3,8,2,LGD,14,59.2,2,3,32:12,16.15,TT,1
,23,68.6,9,4,LGD,14,55.5,3,0,30:49,16.15,TT,1
,8,62.5,3,0,LGD,22,72.4,9,4,34:55,16.15,TT,0
,9,57.6,1,0,WE,22,69.7,10,4,33:00,16.14,TT,0
,13,51.1,0,1,WE,27,65.5,8,3,28:31,16.14,TT,0
,28,63.1,8,4,WE,12,50.3,2,0,28:46,16.14,TT,1
,8,43.9,2,1,AL,20,51.5,8,1,24:09,16.14,TT,0
,3,37.0,1,0,AL,15,48.7,9,3,21:55,16.14,TT,0
,5,57.2,0,0,JDG,23,69.5,10,4,32:41,16.14,TT,0
,7,48.3,1,0,JDG,17,57.4,8,3,27:24,16.14,TT,0
,23,71.4,9,3,JDG,13,60.4,4,2,33:01,16.14,TT,1
,11,71.6,8,2,EDG,8,62.8,3,3,36:27,16.14,TT,1
,22,63.8,9,4,EDG,6,49.8,2,1,28:52,16.14,TT,1
,7,64.2,7,1,TES,20,70.5,8,4,36:13,16.14,TT,0
,32,60.1,10,4,TES,13,48.0,2,0,26:52,16.14,TT,1
,20,74.6,4,2,TES,22,78.5,9,4,38:08,16.14,TT,0
,13,56.8,1,0,BLG,27,65.8,8,4,29:41,16.14,TT,0
,23,60.9,7,3,BLG,11,51.1,2,1,28:34,16.14,TT,1
,11,54.8,2,1,BLG,31,68.9,11,4,30:26,16.14,TT,0
,23,85.8,9,4,AL,17,81.6,4,2,41:48,16.16,TES,1
,7,46.8,1,0,AL,15,57.6,8,3,27:19,16.16,TES,0
,13,61.5,8,2,AL,9,52.7,2,1,30:48,16.16,TES,1
,23,73.3,9,4,EDG,14,65.8,3,0,34:49,16.15,TES,1
,20,57.7,8,3,EDG,12,49.5,3,1,26:41,16.15,TES,1
,6,42.8,2,1,WE,23,56.4,10,1,24:56,16.15,TES,0
,20,73.5,7,4,WE,31,82.5,8,1,39:14,16.15,TES,0
,6,48.8,3,1,LGD,18,57.5,7,2,28:06,16.15,TES,0
,10,57.5,3,1,LGD,25,64.9,7,3,33:11,16.15,TES,0
,23,57.8,9,3,TT,7,45.5,1,0,26:07,16.15,TES,1
,19,66.9,9,4,TT,7,56.8,3,1,32:39,16.15,TES,1
,26,56.4,9,1,BLG,5,42.1,0,2,24:35,16.15,TES,1
,34,85.7,9,3,BLG,31,81.3,6,3,40:45,16.15,TES,1
,21,77.6,10,3,EDG,9,69.1,3,3,39:36,16.15,TES,1
,23,66.9,9,4,EDG,7,53.9,2,0,29:51,16.15,TES,1
,13,62.9,10,4,JDG,15,61.4,3,1,33:17,16.14,TES,1
,27,69.4,9,4,JDG,8,58.8,2,0,32:49,16.14,TES,1
,20,67.5,11,3,LGD,10,56.0,1,1,31:59,16.14,TES,1
,9,53.0,10,4,LGD,8,44.3,2,0,26:26,16.14,TES,1
,4,44.6,2,2,LGD,12,53.8,7,2,26:16,16.14,TES,0
,13,60.8,2,3,AL,29,70.5,10,2,31:23,16.14,TES,0
,4,61.0,1,2,AL,13,70.2,9,3,35:31,16.14,TES,0
,20,70.5,8,4,TT,7,64.2,7,1,36:13,16.14,TES,1
,13,48.0,2,0,TT,32,60.1,10,4,26:52,16.14,TES,0
,22,78.5,9,4,TT,20,74.6,4,2,38:08,16.14,TES,1
,42,67.4,9,3,WE,15,52.5,2,1,29:09,16.13,TES,1
,17,63.7,10,3,WE,11,57.6,3,1,31:17,16.13,TES,1
,21,77.1,8,4,LNG,14,70.1,4,2,37:10,16.16,WBG,1
,3,54.1,1,1,LNG,18,65.3,7,3,31:13,16.16,WBG,0
,12,63.6,9,3,LNG,11,57.3,4,1,31:14,16.16,WBG,1
,12,68.7,4,2,IG,21,78.7,11,3,39:15,16.15,WBG,0
,21,65.6,6,2,IG,14,60.5,3,2,32:54,16.15,WBG,1
,17,63.3,1,1,IG,24,73.6,10,4,35:48,16.15,WBG,0
,4,51.2,1,2,NIP,16,67.5,10,2,32:47,16.15,WBG,0
,16,63.7,10,1,NIP,6,54.3,3,3,30:39,16.15,WBG,1
,10,64.1,4,2,NIP,22,75.5,10,4,35:48,16.15,WBG,0
,24,67.8,7,3,LNG,9,56.8,3,1,32:23,16.15,WBG,1
,19,63.8,9,4,LNG,12,52.6,1,1,31:00,16.15,WBG,1
,7,50.9,2,1,NIP,17,61.9,10,4,29:47,16.14,WBG,0
,6,51.1,3,0,NIP,13,58.5,9,4,29:48,16.14,WBG,0
,5,41.2,1,1,IG,14,52.3,10,2,24:20,16.14,WBG,0
,9,52.0,2,0,IG,20,59.9,7,3,29:05,16.14,WBG,0
,26,71.0,10,3,IG,7,56.5,2,2,32:22,16.14,WBG,1
